"ano","TFT"
2010,0.377934044110723
2019,0.397698319167363
2021,0.375256572327998
