"ano","TFT"
2010,0.184294278345737
2019,0.193932052093166
2021,0.182988646483041
